day,pressure,flow_rate,water_cut,production_rate
0,3099.3428306022465,269.9677718293001,0.22213194673768832,3798.772189328364
1,2972.347139765763,246.23168414563844,0.11980295324207249,3566.09196520436
2,3129.5377076201385,202.9815184960087,0.2046461601908438,3698.5295806400713
3,3304.605971281605,167.6531611147213,0.13329942963739447,3839.929022876928
4,2953.1693250553326,234.9111656806795,0.3424705630027667,3602.2500002267916
5,2953.172608610164,219.67426927108747,0.38430640778934133,3703.1529320440595
6,3315.8425631014784,244.7596610013866,0.12169494257738159,3945.621403524635
7,3153.4869458305816,231.75859008409847,0.3865345621875105,3692.716950595157
8,2906.1051228130095,252.47763576596677,0.25677297980102354,3584.5681018449604
9,3108.512008717193,173.2382394219716,0.1898697033861622,3577.4027220988737
10,2907.3164614375073,265.8697032817163,0.12305862258284907,3622.4080322358004
11,2906.854049285949,209.87998023461998,0.25018728042112537,3498.158320797096
12,3048.392454313207,303.76304363126326,0.33835466334722464,3798.245930084006
13,2617.34395106844,165.5406090955216,0.3121259431800095,3218.2279865626
14,2655.0164334973933,286.79819015826246,0.11506780343919214,3445.072508682189
15,2887.5424941518054,209.8955391731324,0.12187055061037107,3511.8501676674273
16,2797.433775933115,167.42909981927758,0.22086198478979116,3492.6752104038233
17,3062.8494665190547,175.80570829728393,0.188587148214383,3616.8962126339316
18,2818.3951848957577,183.982634590284,0.16971529691681436,3541.6658670613847
19,2717.539259732942,221.20829732009582,0.18430134967261408,3452.5437502254895
20,3293.1297537843107,226.14177440177497,0.34104482298906547,3878.820545227988
21,2954.8447399026927,171.31499980307106,0.37876841608955625,3531.0751866382816
22,3013.5056409375848,198.78227038695087,0.22153080835826994,3635.803480871481
23,2715.0503627573084,307.11351793059316,0.3718333006397492,3388.417887659316
24,2891.1234550949634,286.3771585050356,0.19644871037436462,3613.1398780183213
25,3022.1845179419734,221.8161834837016,0.24293109590313752,3689.745268707766
26,2769.8012845155395,201.90017390841,0.16780869934479992,3430.5050722270985
27,3075.1396036691344,206.00156633591305,0.2921428126527532,3593.2326483003117
28,2879.872262016239,230.67589863652083,0.39369433455244274,3519.034515265076
29,2941.661250041345,148.86037174007973,0.28104792881301366,3575.009532611994
30,2879.6586775541205,187.13117312883276,0.20734422523406468,3559.527301789522
31,3370.4556369017873,116.57079630612053,0.29434523379715855,3788.9974795508997
32,2997.300555052413,219.96115613026396,0.13687620353961627,3688.834864720209
33,2788.45781420882,232.35979698513705,0.36659772407961966,3436.2829981188747
34,3164.508982420638,175.84067688503131,0.2509251852339509,3619.7836410721197
35,2755.8312700057954,278.6993381645016,0.23480492261189265,3457.660184003777
36,3041.772719000951,138.71171684988295,0.2757594365360558,3636.652758365622
37,2608.065975224045,126.78125598950899,0.2874351588368208,3181.7753594496585
38,2734.362790220314,211.2225909279986,0.12153274186795392,3410.5582310409054
39,3039.3722471738247,252.35491513060774,0.30478516636702074,3673.614011126992
40,3147.693315999082,284.1963845728934,0.1725795040946589,3928.5102181511897
41,3034.273656237994,177.055786856553,0.314185789751977,3674.0559465235656
42,2976.870343522352,253.93404167156478,0.34676043831525905,3745.1420707488774
43,2939.7792608821424,198.07457652496464,0.34118755226575614,3530.3825071758056
44,2704.2956019265143,191.36863500295902,0.26575029022236674,3367.997524448762
45,2856.0311583210582,244.1829968743336,0.2560509676932254,3463.604750281024
46,2907.8722458080424,232.616143920671,0.14286278840182354,3657.85447239688
47,3211.4244452437833,121.18039215078753,0.3326038451209407,3606.2764724444337
48,3068.7236579136925,273.8270174862948,0.18142281413401434,3767.196703382537
49,2647.391968927453,269.0045677073726,0.249008626845384,3348.50263598236
50,3064.816793878959,168.72186492452352,0.18528222787825505,3597.0839974939227
51,2922.983543916737,219.79017667187046,0.14014850889990796,3539.2496492521627
52,2864.6155999388084,224.70150931413696,0.288867309067521,3487.610431734092
53,3122.3352577681735,213.03368829119535,0.11629961044687115,3709.107555439494
54,3206.1999044991903,172.484742307729,0.32459357023786006,3695.839139086694
55,3186.2560238232395,166.41883160309743,0.19527603857833503,3761.082706784574
56,2832.156495355472,198.72229645042773,0.10004040790134561,3433.9427511865633
57,2938.157524829757,258.63645096296824,0.253338741771169,3633.9160211043854
58,3066.2526862807126,227.1800077297216,0.11405557255828094,3769.407780031772
59,3195.109025424472,181.4692833956947,0.18285086734626987,3720.762912086801
60,2904.165152430942,238.58493553241723,0.3120929462367149,3526.9241581107667
61,2962.8682046672366,57.57286896849624,0.11880688648655977,3410.0347422639884
62,2778.733005198794,257.43828501860514,0.3518015477068007,3538.128374443377
63,2760.7586751838658,113.01431106109501,0.10114597679757494,3338.7575984484383
64,3162.5051644788396,181.8779529298434,0.1740471607605707,3695.589886254418
65,3271.2480057141647,144.0165052686928,0.32227121684562143,3765.671360926322
66,2985.5979756839333,135.2659262139547,0.19488104491879205,3466.4507277742523
67,3200.7065795784047,258.04133936892595,0.13056771641980408,3884.6976889646116
68,3072.327205009527,176.61493993440544,0.2080701756401284,3659.0195309679775
69,2870.976049078975,217.3251940865358,0.18111798591535766,3515.012950722775
70,3072.279121101683,197.6539710560408,0.35281357064816654,3600.1567366290087
71,3307.607313293194,223.85204136115607,0.19400437527554296,3841.2735978624382
72,2992.8347921780096,203.84109455301277,0.3366797415328022,3615.1160527933985
73,3312.9287311628013,135.85038879057151,0.3675616434432205,3819.6782300868967
74,2476.0509791820514,249.813340972357,0.23014522587295888,3214.2296212800857
75,3164.3805008750446,175.31217084193437,0.37298294315631764,3708.850899414484
76,3017.409413647634,122.17090506701244,0.21319541618895788,3424.2019536400753
77,2940.1985299068265,178.59424195170436,0.3892235249470325,3478.8574989925914
78,3018.3521553071005,275.03798953171554,0.1267868573576719,3724.1563364365434
79,2602.4862170798215,242.51108710567465,0.3061057799509729,3281.602240348929
80,2956.0656224324975,182.56739327960705,0.24814421213707863,3499.886419321485
81,3071.422514302349,182.53711478407857,0.21629464163669415,3610.3493751138253
82,3295.578808948303,183.91824743913088,0.28981356362458033,3828.302545958231
83,2896.3459563452707,303.83739917804206,0.3111571274902994,3625.641624046004
84,2838.3012794213623,219.09677261157768,0.10130898089509273,3406.449241870471
85,2899.6485912830926,221.50208235955347,0.15008592662415962,3456.973475232561
86,3183.080423540415,251.51417270159212,0.31391381519029565,3770.85101490284
87,3065.7502219319367,211.93945795132566,0.29991562407346195,3684.824512778798
88,2894.047959246592,187.04789270896484,0.38981425153860316,3343.8484587809794
89,3102.653486622671,190.1825075457511,0.32831133707523497,3636.108588984171
90,3019.4155098696083,196.4199370292968,0.3852318123194015,3567.139167657062
91,3193.728998106578,198.1388881745079,0.3107621504604421,3815.5524306360285
92,2859.5893812245295,236.381477181849,0.18941566259183296,3523.6658376234236
93,2934.4675706804464,202.59729429036497,0.13160947667525696,3590.098837428553
94,2921.5783693735684,236.63200386077895,0.33454715900348075,3578.1018832856407
95,2707.297010373576,195.96417099457088,0.2932447664427748,3250.47957453557
96,3059.2240554129153,203.93175951580454,0.11445580371798887,3713.339346023186
97,3052.211054435978,100.08996577339462,0.2080151397702935,3541.4443567841267
98,3001.0226913284923,245.81638373512408,0.3870399446452859,3663.1552538318797
99,2953.082573324971,217.32442379489964,0.25012034371306036,3782.049200978713
100,2716.9258515899173,249.9005054929826,0.22981874080591141,3334.742829767697
101,2915.8709354469283,55.18723109031555,0.23730988154778823,3449.5597759218085
102,2931.457096694646,304.4187352390364,0.16266481720154913,3671.6960610923106
103,2839.544546155676,193.0205185922413,0.21061215125943858,3486.0348817664653
104,2967.742857666798,255.40914083687582,0.210943976796153,3646.7680463532047
105,3080.8101713629076,148.00470364372347,0.11570650605624172,3603.685988884456
106,3377.237180242106,230.63869525312847,0.33027028855537555,3900.523988802195
107,3034.915562566368,147.32922184131718,0.2249513295711637,3587.4602536056505
108,3051.510078144553,168.81155196520973,0.34665396604492704,3515.9251451335713
109,2985.1108168467667,295.7015676933393,0.3551044003359687,3727.1938330351136
110,2616.2457569401918,190.46587996183268,0.16359821640959743,3276.2062088006505
111,2994.697224910157,210.87164365898616,0.2972060446510386,3547.7193786692355
112,3012.046041988205,243.5033865344377,0.24168454124889455,3643.087573344764
113,3492.6484224970573,224.78409439863023,0.3640470213764456,4072.110058912664
114,2961.5278070437753,207.52094525717882,0.16472220375293625,3566.772295029884
115,3060.3094684667226,218.24805012331126,0.3033439600930133,3682.566321817881
116,2993.0576460589514,320.17077926191376,0.2823256366758168,3699.7543926743115
117,2766.2643924760937,197.11906014832073,0.18859044327154983,3459.1619121643084
118,3228.564562903004,210.05495233574837,0.1409802710953518,3848.045939400509
119,3150.386606537355,252.5327198003806,0.29549192814318304,3871.455201433684
120,3158.2063894086095,255.2762966478992,0.32157923743969924,3775.881584613451
121,2818.122509041052,259.351515278019,0.19468820312900503,3569.949335335009
122,3280.55886218722,231.93651110145925,0.2934497812066942,3863.65681286747
123,2719.629787441544,142.84975436347582,0.218539272283451,3379.1362334400396
124,3117.371418760054,281.6715766150548,0.31396206498478535,3748.867097817955
125,3438.0911251619955,142.6827303490656,0.15976458246821595,3934.977754822107
126,2801.8927349738624,215.13177326195165,0.3670645007908524,3434.87777596897
127,2886.7404540794455,162.28620749903212,0.18622287893967393,3472.992971566019
128,3019.930273017528,196.79308267035037,0.2103357963268459,3625.1331723918347
129,2899.3048691767603,216.43812051517403,0.11742758562410494,3574.167521937335
130,2689.8673137867736,216.06786077251365,0.13345366369638292,3385.34578224588
131,3013.7125949612055,221.09603771176424,0.25475857081369846,3648.807194759553
132,2787.539257254779,280.68556345293234,0.18027780301839147,3618.718314372693
133,3094.718486127036,222.67671507569898,0.3506440677226583,3739.66272111483
134,2816.1151531532396,187.79216823546756,0.10440801659648616,3506.0392515405247
135,3309.9868810035077,248.20435841441787,0.21372821460158087,3890.998526408677
136,2843.3493415327525,259.47352444623203,0.2012036640307278,3511.405111545655
137,2935.5876967588647,138.61960924315036,0.10579828927528032,3546.7089730194675
138,3162.703443473934,229.8700034924929,0.13731051970015307,3829.212520641606
139,2753.827136713209,235.0586371155449,0.2240928024755906,3525.1516873254313
140,3045.491986920826,185.1218248320004,0.24785937533423402,3591.1618417364643
141,3261.428550856486,268.785340665581,0.22128692417646076,3887.0147780893994
142,2678.5033530877545,192.49722064837366,0.2592813035236282,3252.9329435934364
143,3036.926771706461,206.2788226735771,0.2785395024717045,3615.671523899662
144,3051.976558849685,191.34640878580652,0.1029771463383507,3705.5788912009357
145,3156.364574355462,200.7789523790734,0.2392285478360512,3706.81735120244
146,2752.6098578243837,145.1862456552399,0.3890497722662766,3349.9779049658946
147,2735.9086773831445,127.99745587028528,0.2557096840388646,3294.4422810451374
148,3104.3883131233797,279.7252531612486,0.303262680237686,3789.894403667627
149,3059.3969346466374,157.65193258408362,0.19355915737506496,3550.2814237211674
150,3050.0985700691754,150.43038252718463,0.33219741344582876,3575.026175552783
151,3069.289641899395,92.33049431981426,0.3318764445628346,3366.890041473832
152,2863.995055684302,168.05191261552488,0.2563888142962417,3445.055209633536
153,3046.450739432201,133.84551032962509,0.3928041469837641,3457.3309197079893
154,3058.6144946597365,282.10075800681847,0.13766506442879603,3825.0624714989926
155,2857.1297163947265,250.4908544671317,0.10508429946687431,3609.4005211945337
156,3373.1549022289514,165.59248274111383,0.3310474635271288,3870.9113306417325
157,3094.7665841823573,312.62179026721543,0.3421466612094648,3875.6877278430934
158,2761.7393005594704,249.0882743495797,0.13606216873617288,3440.442218315404
159,3131.310721726766,183.75843082456888,0.17967484988758184,3785.9756267835364
160,2805.0636659545357,75.02971425632134,0.10526570900998868,3364.906311732735
161,3157.4169207484906,314.5471286295371,0.18799258323416942,3863.3634391081646
162,3231.7191158014807,130.5213766618202,0.3319425621756015,3748.9905676681765
163,2835.863536329658,117.73006265215541,0.2553881583137737,3316.344004878665
164,3192.6752258488646,251.128521600482,0.20442867795048644,3783.604396830713
165,3082.5561853872996,321.98762031696367,0.21152178847189912,3790.2723382574263
166,3164.412031998898,269.2136409255259,0.10040608771464045,3813.076196149353
167,3379.3585965307893,228.195456002618,0.18994015826957078,3896.002518549325
168,2950.922376799426,229.7377170832643,0.29393762249137917,3653.486671920517
169,2849.252767128502,242.67077793901538,0.3922583331449072,3498.825677239393
170,2822.097114074895,237.94642948933824,0.3541182480951699,3507.7209178506905
171,2836.837943006912,214.0595711984688,0.10707848939365874,3481.7624981139593
172,2984.579658117179,205.21005519759382,0.36956818140245185,3487.450400493062
173,3068.2303949633288,196.8703436050239,0.33495952398958784,3654.087667617825
174,3055.338159866004,162.30177055666618,0.33411283707129413,3493.30297822912
175,3165.436649807205,185.9662461566613,0.23739872770107148,3716.467303774323
176,3002.6003783755814,115.35215929023073,0.21940158788635086,3439.1769037241493
177,3290.7068154314634,195.0830186602625,0.1908747186499578,3937.3976669015324
178,2947.0686333524086,150.57044464245413,0.11970845768630975,3565.9513077086613
179,3544.033833317924,144.82053413921145,0.16847060904810973,3989.0288058277506
180,3125.1334695530013,208.99470755767393,0.1739810904934074,3787.9885950203325
181,2828.5684887167436,269.60011431722995,0.2452231209130605,3507.275661143825
182,2785.8215003877776,245.91583030011566,0.3242333219790082,3502.2951673070143
183,3096.494483048637,121.47496981884115,0.242142948519384,3596.6346296295474
184,2955.30744293483,150.51859317148313,0.1173533348341482,3540.466269995205
185,3142.8000988184185,247.0385593994108,0.38733694029646126,3816.203484294897
186,3094.647524914709,150.87563032308452,0.38281729572823375,3635.970787099224
187,2985.4342174686253,188.76834250014878,0.3355568629445226,3578.9720386746517
188,2830.641256386319,227.5026049512276,0.3973983704692662,3395.1620036687236
189,2697.0305550628273,151.58277725681825,0.2633446998400789,3252.019757018459
190,2910.697009586596,205.268775307298,0.38883050507596184,3510.420115596854
191,3171.2797588646945,133.2987252540898,0.12268151218502524,3683.2486692827424
192,3042.818748826041,169.93161780243932,0.20970422447841142,3550.207120518302
193,2750.8522442576023,215.98909670712686,0.16761438040202975,3555.310388173251
194,3034.6361851702363,120.35031332341653,0.15874992524028103,3624.1365381009255
195,3077.0634759457676,222.02373689801993,0.14224088466780282,3736.8490483536916
196,2823.2285127597734,199.01811005366594,0.286724092469799,3457.997771465935
197,3030.7450211891055,227.6244977208574,0.33439655672419155,3636.975482212627
198,3011.6417436891998,211.19570670323307,0.27348951982610825,3574.128892020212
199,2771.4059404338755,268.2070214986922,0.1440888128764629,3521.233882140005
200,3071.557472069657,206.26122513239537,0.3433371309800413,3666.1465051747314
201,3112.1569052736468,178.52972294373734,0.2907864121491186,3598.2552011549537
202,3216.6102486350555,206.1148751516142,0.2164497118380987,3804.867413176512
203,3210.7604104069806,227.1649014518194,0.30223908866081894,3788.1073943274077
204,2724.4661264085817,202.44300351628522,0.17797149377284988,3300.4184033866104
205,2812.4349920169752,202.0295845601941,0.20355766254826319,3418.8305951645984
206,3103.007053441732,164.90041560966222,0.37524575293959717,3603.319001872959
207,3102.7571901824417,166.8549541224526,0.18715135170142613,3748.7433772046925
208,3103.0095372612095,129.86973641001532,0.240996480447381,3629.9294976605665
209,3770.5462981309443,287.478837159347,0.3670423412188044,4239.581213458157
210,3114.178102138633,137.80683823043574,0.31231640508025826,3634.1650412962726
211,3227.1131280361196,165.35474011020463,0.11866096784941083,3684.9518459368114
212,3190.8003526986404,164.0796367215401,0.1441909132836911,3782.041761926561
213,3130.2782502611594,244.74621884722205,0.10235247723157505,3759.008958649964
214,2936.9461510719307,185.2525160853986,0.28927653706874906,3523.7866501627523
215,3151.7938440986536,262.3871036336867,0.23430202762312552,3867.4441278729882
216,2845.4349570924855,166.32546878780659,0.14028245527068267,3390.5379814995417
217,2952.636278651998,213.9497081111901,0.3873802363170312,3490.885727951822
218,2902.927290434179,158.23264733701214,0.258897917183686,3444.206355256905
219,3016.3748278772646,307.2574563886694,0.17256798823386676,3807.8425542841005
220,3462.9317133347017,140.62007904852436,0.2501810713464123,3825.595001050187
221,2626.54696148165,215.49103551135138,0.3038860998205324,3172.6361169203337
222,3137.252038074903,231.6888440466049,0.12287176539206936,3746.839535586588
223,2677.4568257620695,220.6899548725749,0.18241114451436763,3407.018774775136
224,2905.6136268421133,190.7356170561146,0.3420896472651981,3562.07328233819
225,3217.790119393473,193.5089650133287,0.2378994611207984,3747.5998662583834
226,3012.8560038190926,202.19057359895547,0.2639731426096885,3592.746189626768
227,2784.451044414139,192.64989991857556,0.2298448006628408,3481.9590320469633
228,2856.9392581480065,248.19395583974548,0.11316998279290154,3472.9215711223933
229,3135.919549786935,310.52615007956757,0.1497249339460468,3839.4822410739716
230,2853.926673656573,172.1254107496083,0.2336624916225673,3464.1636525776566
231,3043.291717916395,131.5098510210461,0.16275563962237838,3590.492785679266
232,3009.114367980763,195.58589758243727,0.11499370859790363,3599.255180534305
233,2869.6799304788365,328.98546688271597,0.35309489921554715,3639.2843203452885
234,3428.788817865065,159.81627160151345,0.39435775874923484,3751.240548730834
235,3126.7838044636023,281.9558402722034,0.33794286219902187,3756.1702019509803
236,2594.9714826684785,283.885040703822,0.3561354765114001,3385.894349130383
237,3037.2908629538856,172.32058791460028,0.17259313909511365,3561.613723283628
238,2867.6427070463224,228.44915395926375,0.3881880926539599,3512.97414756956
239,3170.4866669592448,281.4198311564269,0.15907771133602852,3872.575099294839
240,2841.49585231346,181.04361295062566,0.3854289431085497,3415.507215882348
241,2977.0527117066204,189.82098199488192,0.3984457881897854,3558.183668080515
242,3100.9974557960913,170.9159543025678,0.31351684172381467,3590.732955277151
243,3173.1510388340243,149.26216346535665,0.39434311953754664,3648.1533953102135
244,2759.940718588845,167.53612274669965,0.27086193387013113,3398.877440566057
245,2933.0997528318103,138.8029866618872,0.1778625349528271,3494.2126540652102
246,2905.0109377678086,201.7041734129613,0.2310987656996863,3502.0623799766504
247,2869.3341534852575,161.5013384470679,0.2780682806136358,3458.769507047182
248,3353.0908480562193,211.68929558953738,0.1219244686081045,3953.941652393036
249,3080.996342192191,122.20521768981864,0.28670297938517386,3465.9408241448855
250,2747.823209132991,216.54401161072286,0.3943533510286884,3456.9120818327515
251,3183.572389410955,241.67644808044622,0.1570322949351183,3796.5020680509783
252,3424.4312394025264,100.31321787142723,0.337778534886515,3830.528569396769
253,3206.493052110229,218.70282849237861,0.3723696381338859,3831.644736341216
254,2696.1260068091974,261.3834496236646,0.38311047784606633,3344.5106884573224
255,2903.1531854267496,139.51794906543972,0.38804068132163416,3396.265934900305
256,3253.3822298373248,283.62861934188516,0.2564378916164416,3890.167008543871
257,2858.466106876244,220.95095046830227,0.3931923723974512,3453.7474941471187
258,3088.7638856292456,164.74940721207957,0.3271930621403317,3706.378266628683
259,3154.926810685867,197.2115461171147,0.14850143087108858,3695.4814845672286
260,2814.6139056843836,227.91634562608613,0.24307003194039103,3460.9528955334085
261,2988.09492878764,203.80026957062057,0.3154993526116012,3597.9308152032654
262,2351.7465319861853,226.93779962231847,0.174202094745725,3067.4847946200675
263,2795.122471733142,153.9663203460317,0.29218455506466623,3357.2458429542385
264,2949.4863697213677,208.46804120180389,0.2999801437139858,3580.62638672467
265,2750.4433636070303,129.314275154751,0.14880992314256977,3316.567312380814
266,3326.482260786327,194.438696932565,0.2695255937358269,3849.414062942768
267,2713.9717244078734,154.8046179267605,0.3314880732935823,3280.7531044219554
268,2911.9911026606032,163.22350287051168,0.2496686993607826,3412.2872652099413
269,3026.1481154572184,261.8046587605219,0.10363093503283223,3735.6191031904386
270,3288.2546578132233,254.56550602971345,0.10271154072378766,4008.4222559600285
271,2712.827569764112,230.45690604535883,0.20710880319100367,3416.664104126242
272,3232.632750430992,145.38436176637106,0.37785822052953466,3715.1519072473866
273,3002.0466122039174,184.1795775152599,0.16860303388108266,3631.9984654551267
274,2803.69826979041,260.6548849989592,0.29030910666150617,3448.731587004518
275,3092.4206948526544,207.08584568199524,0.16662276120799618,3782.5718894257984
276,3039.811939114694,315.9664769990847,0.1965009968978646,3791.6506139771172
277,2879.956624568241,219.6658919697186,0.3544126268804453,3595.9953209406435
278,3013.960416998004,209.6024558245016,0.3186584326809841,3578.240865909458
279,2922.937280627648,184.54417678987494,0.1286197831939632,3631.4129652987654
280,3022.7034690502496,206.6770452391141,0.2286106062959301,3670.641413284486
281,3132.4261349042094,192.3765081809728,0.10875092909357935,3748.1320826691167
282,3317.2033632290704,235.40543383442952,0.24426704398090274,3911.3103773050943
283,2752.4369002346302,247.8351158397292,0.2987302035103204,3442.115697765109
284,3426.606674931253,160.70052697460252,0.13555078707944548,3973.8199371763026
285,2609.5824400955,133.4383523221111,0.1866654816727497,3226.810146104423
286,2969.642980992883,108.18973134483517,0.2193509876506471,3374.2859290811543
287,3117.663441296915,225.3995663456272,0.37585930739681495,3652.3720134574123
288,3056.1983735470067,144.83166969130633,0.39797650462688927,3549.7679391635024
289,2875.460096035881,92.35547035237586,0.11347338969868476,3409.673581955031
290,2958.375549928545,219.4289302265482,0.32830237704861764,3577.9403752124063
291,2901.3998130682335,324.6499758716395,0.211517219920703,3739.920778002132
292,2882.1270486111575,199.69645442300532,0.21773745586884402,3415.1216726142743
293,3169.920419404205,241.9245387225821,0.3262794920041069,3784.4832550151045
294,3071.4030971930097,204.09146792737826,0.3755279296436227,3554.804088551361
295,2861.4180809478694,195.05551734044286,0.3852785783507646,3503.3949135884204
296,3179.91997508665,245.95382414938842,0.27313677581149626,3793.387116954762
297,3061.4599041753218,185.48627279056743,0.20713634779015086,3661.661497121622
298,3162.572423767792,213.36961570359514,0.3362647257576338,3692.467620965415
299,3125.9257683847222,216.08489030980067,0.1753004149786901,3797.720667415623
300,2834.2009978155857,166.59547731784755,0.26922220865005536,3478.9782729393196
301,2887.963791960606,249.60211747682615,0.20757353845746196,3607.934758922652
302,3149.4587210246523,191.25201216522956,0.29698932211236284,3698.0451307579715
303,3122.074053086693,162.21274202535776,0.1721196738680521,3695.4894460843325
304,2995.8196812071706,226.82549217852016,0.15747788372044774,3609.880024622526
305,3023.4654766617564,155.07660091044812,0.3754717260026311,3591.3213264725837
306,3255.532979157685,201.40905786845642,0.1305411048848611,3909.0101317517633
307,2881.685722232834,199.54405016778983,0.25178737232047954,3560.5638601385026
308,3109.4194762340076,254.2947782915789,0.1662558348889027,3731.270816213395
309,2959.5614695132213,223.73491164399763,0.11167898899770023,3637.450087097374
310,2956.463759354556,198.7486520627428,0.11080564548742793,3522.391465947889
311,3219.755370397438,240.88831496001436,0.15256653163174821,3870.6048100839894
312,3165.083269797606,269.5103774508657,0.36003110635180013,3824.0045734694804
313,3162.7019272001276,227.8905153175931,0.184743623193108,3682.42779968564
314,3261.095761430866,200.51763099216902,0.38513775117258875,3733.6379114637894
315,3004.200768326552,134.40818838249203,0.2744866878967581,3509.32049269853
316,3136.3905942589927,146.74431684623136,0.23098425693062985,3635.515029726036
317,2937.946648681309,184.73876478226663,0.2740266504008364,3470.465992352701
318,3064.8332704976883,169.52438989203586,0.2550095155678803,3636.493393401021
319,2973.9713891264632,190.6514348507277,0.3276328761271976,3571.38758214999
320,3019.3991929985436,202.83249624485535,0.1847488197918557,3621.4925703249573
321,3119.0314050873826,226.48463771783653,0.20591511748009073,3698.3298467013783
322,2836.3558633533057,196.47506109704543,0.3682282907599753,3502.0558767059315
323,3418.477455137092,224.3250821913101,0.38393695394512173,4029.1518753018927
324,2798.7965237000594,203.22372074050602,0.3677674682459424,3403.562489419437
325,2757.1622774424536,101.22667168230643,0.22583439818719409,3262.7183223869106
326,3231.6221747000136,153.03323030906228,0.33410965090206457,3743.381551766176
327,3158.332538792587,192.79562221391922,0.24290071999032967,3703.684200704874
328,3124.823963410431,139.5152628579446,0.2492619556438307,3622.918332778142
329,3125.669101852856,229.99643649981022,0.1614040327171852,3789.303057960713
330,2997.550645430617,276.53754161718484,0.27733909097755494,3592.8168982631173
331,2820.549125702834,260.93809258486584,0.15584076932600438,3612.104012507839
332,3015.1609116387453,189.3278564534896,0.19946940972015814,3613.035771813627
333,2864.5676576975775,274.5363068424976,0.35650906048598063,3547.0466780680526
334,3195.02394668355,207.43337286010558,0.16212274276325658,3776.1590856534062
335,2970.5885236995723,183.14570144409802,0.12134748555202986,3576.1650056107974
336,2834.9005606414976,169.32986682295302,0.1207022777838449,3366.450881860919
337,2935.7228316694013,184.8765156755936,0.3822353561509324,3587.841692096256
338,3082.586290855125,180.59115907293855,0.25207613138855045,3647.0332854768744
339,2887.255089439205,208.5208111187744,0.22282362154510554,3548.7556081844964
340,2835.555920886714,208.02869905249324,0.34326357430237553,3514.167127955709
341,3048.7374422983826,200.15230100767073,0.35074777837315485,3575.5024254139225
342,3048.9933142217446,221.84690848731748,0.1996573099346814,3699.135940023736
343,2898.611364925774,259.5323137393171,0.3080854172421386,3570.733001296539
344,2905.7923388763356,247.4777067720662,0.331336844755566,3614.2451312750377
345,3046.409987471527,125.75510157750483,0.2963952060597864,3437.213459943685
346,2710.383131700535,72.30394325490226,0.14547852244002982,3228.2947438882434
347,2718.507245124689,246.7159955619637,0.36276492505511715,3386.309219226642
348,2856.3111557495126,131.65606507922894,0.2617283658208026,3425.390095353272
349,2957.3105696576304,188.76172990536583,0.18474172791100113,3588.1534817943034
350,3062.181513119601,141.49434869703202,0.2275684556313082,3550.021865846322
351,3295.0712433899103,109.90097812099901,0.11127132711967222,3715.638776180374
352,3171.5319246404038,227.07313641023939,0.13836004036672528,3783.4260289217355
353,2968.0122940073147,237.95775801513236,0.3296640251547583,3565.6774296850367
354,2996.196758419462,171.17447996366403,0.10000349042660985,3629.4654439005812
355,2799.4941270724385,70.4478853927545,0.22496974854468768,3271.926941825181
356,2996.297372801522,172.68777758737588,0.2567530543256765,3420.4008622311358
357,2942.2682722159725,219.59020027012733,0.1163903260002917,3581.1232063657967
358,3064.543712067618,126.05442156129357,0.39192344889169994,3492.184567151693
359,2834.5538112895356,209.16799598895778,0.1678375993749016,3411.9052135390953
360,3103.8693028482344,199.2345075413502,0.19125961589088428,3631.6165770334464
361,3306.5477826005153,228.9645749800544,0.19118275367650822,3896.7887265966497
362,2978.2479703086283,205.97901842070766,0.16912499863520497,3670.836489968883
363,3080.3423444197883,151.34655295592222,0.10044214662589343,3646.482640782302
364,3138.0287983422227,259.82857508322456,0.31880343822639895,3744.071643628901
365,2919.755905622833,192.0735213486515,0.39005364993978564,3530.5801123842157
366,3044.8184963620834,198.6347730245034,0.16728804498551353,3626.168802460294
367,3002.518480156359,153.3366020463402,0.2989141575410268,3506.451564491384
368,3019.5352197097664,177.83588744042447,0.3225688980876146,3522.9277725715306
369,2845.3980432289068,155.75986429865495,0.35452761372715746,3322.459689344852
370,3004.9020348517884,191.35269700382884,0.22678875910408275,3580.03036509244
371,3099.5996582490898,285.5854240071172,0.1908792716921288,3801.6530191499996
372,3290.2287215590086,131.4049428534322,0.19758854020690936,3755.399444139545
373,3191.8541652170416,119.32193010616294,0.3137863999295539,3628.803341914228
374,3430.6364915023114,273.55851637468044,0.34503383995169085,3973.7370338238734
375,2846.5304874223903,189.5338161424067,0.1544841903269808,3511.9046503440013
376,3174.4641273441357,166.54636306700417,0.2112823024473296,3641.877996191285
377,3036.6684011476705,251.99523436980382,0.37058205902474506,3714.9430890003628
378,3437.9605866435345,169.7192230131568,0.3420080559084218,3852.619477598017
379,2838.3403429289697,291.30048567734684,0.39545752082874275,3523.292467164029
380,2832.0556315638446,233.89629356696344,0.32627447790462427,3424.0396263149546
381,2880.1214709111955,175.60442959271487,0.2179585603083767,3457.058600849676
382,2575.2208551380386,307.86541066327516,0.27719135019839136,3436.8020973005014
383,2894.8489956638477,169.71425384983309,0.2983042762741961,3500.5720641319463
384,2848.17346768926,237.10476860046535,0.12353674489513719,3593.455090339098
385,3030.0787572952413,214.9646290203246,0.26334908773115956,3668.625324797605
386,3068.351195155432,265.0870644699399,0.3127962485417829,3670.6825047804878
387,3375.234167843177,278.0755598363426,0.15019639120031814,3994.8090861817277
388,3190.08476763721,201.60020745328833,0.33418951522766716,3704.849679313691
389,2884.619268867519,162.32910648269083,0.27513183415423353,3527.7493129520617
390,2820.3170657303285,222.9986071469558,0.38566653570927845,3406.1625684829023
391,3098.3838343013012,166.1142315123947,0.11272668946206751,3705.8200263060603
392,2735.9533585958716,300.66936237633115,0.1795978412666401,3567.273939043737
393,3366.291753170871,206.82676655413687,0.28046616378994726,3990.6366079189734
394,3235.8880241442575,181.73392243439457,0.18896797366177923,3757.961600555938
395,2906.164869579059,209.23401529324542,0.3143272492213727,3564.479734610944
396,2657.3730941818244,132.64368552351516,0.32770158475657934,3349.998252087133
397,3270.7744748330824,151.4192980744674,0.13075478921994235,3747.827435326151
398,2977.0920309494763,260.0206953972213,0.25415633926203035,3578.8229959703244
399,3247.563262394692,167.1552860514302,0.2526671666773168,3666.736376480484
400,2681.114468241127,147.65445086590302,0.21078423106466235,3326.0948824153525
401,2880.1249954092455,226.83263762636432,0.37987745877090173,3425.1600322604695
402,3001.0487399436365,259.28520773314983,0.3482518959619664,3641.127504193498
403,3009.3961187529485,235.94766553325334,0.3091628145728911,3666.1453308082773
404,2909.9869057041515,249.80238429029083,0.3142979907204993,3589.866463945091
405,3124.5699864695,162.16024557152696,0.23851484314393576,3679.7433005990506
406,2786.4759141234813,128.90946666290782,0.3762983563289728,3338.541830634971
407,2971.5241029957415,275.06668259777433,0.30837862817598566,3724.985797953195
408,3024.05912634238,183.86600805789323,0.318694318496745,3544.466543931924
409,3102.8877668117498,187.45834917724764,0.3585072711362036,3619.63438486874
410,3142.322975617778,266.4097070924529,0.18222147680265732,3767.5838352212268
411,2775.0715816324264,227.811500470033,0.3421212711600109,3483.62246578911
412,2693.1771658528755,222.79438860408038,0.15857218088694763,3443.129101293908
413,3255.5353643797016,308.2501172450542,0.20360258567346637,3966.349310312732
414,3066.4628023959185,167.82408848099286,0.20068313628095283,3683.63136099628
415,2850.302692688689,246.39200640406187,0.39355764051674225,3457.976872389495
416,3310.2303951045046,202.85065624485424,0.3569611671243781,3921.422134086329
417,3023.134926858572,213.42961394316285,0.31035095847707794,3704.2327655327044
418,3235.859436812765,276.4234213206266,0.3181170284846171,3909.459200624559
419,3013.503696282022,225.39178781448118,0.26862183832077136,3730.069772093432
420,3412.1495849763974,226.91480395248163,0.38412720013255575,3861.567192320324
421,3351.068168488641,253.6253668654901,0.2488776258647085,3921.650924336662
422,2950.207170304185,181.75236352285575,0.21415531296096837,3509.3801024925324
423,3194.314190190871,158.0395166330497,0.14891060107947732,3758.8361481383017
424,3129.0751899170295,147.7595402989483,0.3358616956783175,3577.685308960507
425,3273.7263115064698,101.68217053119992,0.3203331796226775,3730.824434366088
426,2807.015307883979,302.8103564970161,0.21530651155724048,3645.2155045698523
427,3137.210291999688,144.83958171391583,0.10755802418776882,3702.202173032484
428,3211.6848973699175,188.9373188207114,0.3516991983154033,3757.505371916552
429,2648.252102715377,186.15933500555397,0.1034253950362221,3277.0854078784955
430,2763.348297466845,215.37033489045504,0.31110993388871533,3380.1140014524462
431,2592.15356444798,240.78686062696482,0.3910771329178172,3366.486459637903
432,2946.1186331110885,243.02367441798725,0.23129839844446107,3652.796006219053
433,3143.5084511591926,170.84612807155307,0.17049202149878584,3692.2973354195233
434,3300.4714104192058,191.64391431067943,0.31146130301301456,3802.735152767934
435,3014.818956083955,214.12899752441498,0.3451384426046756,3515.7488018501917
436,3325.7231091142585,187.56544369082263,0.26392909482335425,3792.525034562669
437,2723.9797083570215,280.36727880099966,0.39011058257684395,3552.678868217276
438,2659.323512128969,224.54874758191255,0.11550061649738834,3315.569435776739
439,2988.8904602206762,236.74388930249086,0.25143867949135845,3646.963224476881
440,3076.8130897878614,233.14406343337063,0.3155361841967651,3744.265118980579
441,2993.4610503811814,258.67369287426624,0.3587921413447537,3588.6123171522368
442,2586.5115799920245,209.05107793518533,0.15377668357233704,3306.2395787190453
443,2982.1759920974423,135.15840260220767,0.34000104452910446,3543.8264969967704
444,2739.1060998990292,219.9843975876321,0.26581212271556365,3416.01930471241
445,3133.9345097660075,167.43215531040855,0.21896610459698898,3818.641431279086
446,3073.3196492193697,173.56916591251215,0.13951450857372807,3562.5815792405415
447,2812.024042734529,229.31820093775465,0.3595887276726738,3523.7991926562217
448,2897.2266165326614,261.91415357168177,0.14718196245391463,3601.3608962742364
449,2788.15729562221,201.0635788368031,0.19293635776272977,3481.457685179356
450,2987.4641805453657,215.44165062994819,0.18701365958873106,3642.514633838883
451,3191.0284641002477,285.1107472317619,0.36142421025725635,3804.0842265642245
452,2802.854790732891,212.0376589744284,0.30181089826266944,3462.907208239194
453,3100.8093031035687,330.08415570901974,0.33900441915741175,3733.002693890153
454,2893.948476325512,228.2754822815772,0.1751403696377497,3592.9806793812095
455,2841.425433547531,111.96186204220912,0.2874622298820997,3379.283170105887
456,2978.5939280090884,237.66708105522662,0.2715237949431246,3659.280078864229
457,2792.951535516125,219.05791924413887,0.34984911303648136,3497.6592808047526
458,2889.2701389305635,264.4876377041373,0.37182611814437816,3591.4083506782445
459,2760.42442148223,233.65906756349793,0.10364703144321605,3480.5878345354135
460,3392.945026583278,193.0772008008113,0.30220597571763785,3856.664349036886
461,3007.052710394346,138.78508818553172,0.11555073973591871,3519.2406249952746
462,2860.054898401483,189.54883713569873,0.2646575995232068,3535.1406143644103
463,3042.7959821468444,157.473977289535,0.18628981871310346,3667.078855943251
464,2977.534390061834,170.97382750976385,0.19203297985664236,3546.485636267085
465,2955.8060800933554,229.42892022103047,0.205887551035707,3611.376573047229
466,3122.833340008685,283.4952252175703,0.2863877347148831,3750.272063311112
467,3151.501542009461,219.73357649114905,0.20021498970063079,3813.487119205225
468,2893.8997704778944,140.2058468982408,0.3198097151770841,3468.666216568231
469,2884.836351871064,222.23013341100705,0.22135821567216094,3638.402381062423
470,2944.9896605696713,259.83157433228257,0.12050596009298759,3605.7975697815414
471,2539.615767052883,169.5108547840309,0.3351279527452322,3165.936051520447
472,2696.9617875602894,193.2991416663541,0.1857274973778118,3373.2415715674633
473,3273.374853488905,200.73440973645987,0.2298300638797788,3857.4311417791982
474,3328.9935427002565,160.755084345888,0.3056331649665705,3799.472578752904
475,2950.192792088724,232.41402169219296,0.19973684714461362,3565.442478107234
476,3115.311392611153,193.9525925696109,0.1169756968440147,3751.5162470920327
477,3062.2500309087072,220.97662219535138,0.2121763141038441,3719.20229237309
478,3615.7761616910475,155.625391109895,0.38333457480829103,3976.0575074352823
479,3223.9149822869153,178.1270849838295,0.2925203191895675,3816.778579986967
480,2974.416481703847,236.11906789138857,0.3014437446001621,3676.1694406025495
481,2808.891911879915,181.35834239541165,0.28968464609129196,3428.0056683271223
482,2678.7107359484853,286.34819256167026,0.15969764168783104,3466.61166669842
483,3040.692727173445,180.01819071926988,0.22550015923068406,3642.4538752730728
484,2848.7298509431394,211.23423628759429,0.32528193950899553,3440.587519860462
485,2715.5492580804653,246.6295415936545,0.13041186926594775,3450.33464994507
486,2870.685423151495,129.08171335334842,0.1833558328269137,3316.323842390718
487,2783.690399277121,111.95955940096121,0.1828957325397561,3377.692213097034
488,3337.428327014513,123.71718427149526,0.22960567827835182,3705.887769873559
489,3176.32795138989,263.1292051713591,0.3941106222826556,3872.871805396595
490,2998.4054717366766,172.40709270537766,0.12025076400514659,3571.0692693367
491,3295.988827778005,327.9099642834126,0.25561029831417853,3981.358125518814
492,3015.4736615295237,171.78762006713058,0.15380940460366316,3564.0659673094015
493,2827.7431597343475,209.22756515985185,0.3912029636229233,3440.1852177397577
494,3304.6248154539317,277.1054976283938,0.13399105141823928,4027.054359061884
495,3107.782008736932,300.3046444079562,0.2210803007084774,3689.038702346067
496,2792.550769134709,303.0751788318199,0.3213654954503819,3613.374274892803
497,2961.9322643832784,260.4183115296571,0.31136632840823364,3652.2440101360617
498,2824.8763493230485,251.20312629057312,0.2268185910681797,3466.9709599540383
499,2723.4400538071327,229.62634746005915,0.2039572503858155,3369.944452787443
500,3185.235509506328,238.91805380833188,0.21928371356586118,3885.817166500592
501,3381.883328094026,172.44071418357333,0.17928287894759182,3838.267743656234
502,2720.2864852361718,159.09005582888466,0.16159988161203995,3285.229747411995
503,3112.5938473381143,199.8312771294524,0.244911909267667,3750.001551153921
504,2869.871486175635,191.49076887375358,0.18056012682028222,3515.5297363802656
505,2902.5749232470607,177.33859753363623,0.18623849946917503,3460.034201890816
506,2881.521215152226,234.81937237283577,0.29702681904236716,3553.27744488306
507,2827.201846064037,247.76526042852555,0.3905611995099677,3449.2079752569516
508,3009.7043255889653,204.42034431459237,0.28109116016781255,3665.9452695446416
509,2833.8099767177923,273.8765040527631,0.1230938401194899,3630.3042584632826
510,3054.0913651559677,142.91554429332476,0.12267508415622011,3622.9707925944285
511,2989.9523781101725,190.31702703601408,0.3854269662536698,3580.611343055655
512,2952.210390626718,164.15888396985974,0.1891872370922001,3618.440293944745
513,2818.4872675916804,106.673169146347,0.12762009582474265,3363.6389190446607
514,2884.6457338863333,195.86596570786503,0.2797133761451145,3441.7050332656977
515,3151.078245165151,193.91262458083582,0.28709463348707986,3732.967246247678
516,3100.1834375248764,275.67248716210656,0.29455144603560646,3871.073370185944
517,2804.48895104029,231.54058422773886,0.1802206083572624,3443.6687959926367
518,3019.866461085845,148.79065878353975,0.10453320526434251,3560.6888402845734
519,3150.277424674358,292.70462831670943,0.3895046108363416,3833.864103999159
520,2666.1189437757257,261.0516847762676,0.17526791370733075,3417.1717472457153
521,3108.672038475987,229.10488517343077,0.3028078864157643,3667.3271310076766
522,2867.4752482108306,188.6757950575084,0.31198896096361295,3529.6857013046565
523,3114.119733718632,152.028038163826,0.28300222512384576,3747.2811351037826
524,2847.3481686914965,181.38966119644735,0.19387221826409448,3476.271868600515
525,2639.023579867096,254.4374309852093,0.18132887612921975,3344.1410351697455
526,2674.4915124233676,294.2293152967304,0.27930048481081093,3373.3252893204753
527,3009.6169893322763,277.1621764136095,0.3598286900835075,3699.2126987106853
528,3051.9445003442966,175.5575289106863,0.3840201186770187,3649.815484332521
529,2819.136674979118,144.01912833554945,0.1317717413211273,3432.124920112554
530,3127.7184917554746,207.0443123455602,0.14644858377931597,3728.540488606212
531,2667.695987546208,111.57803172185741,0.38342087763492394,3181.0737138684917
532,2986.7840402705365,216.15838570923907,0.3209605685004378,3546.065028156546
533,2757.7967600475085,192.61987068506656,0.364898147448932,3424.384097058991
534,2869.632778439568,176.6981749065879,0.16078979024060297,3529.314145172749
535,3009.479734263283,120.26484663666022,0.2762757613328206,3433.173749840159
536,2827.9173269432094,225.68000532848583,0.3103418783252421,3566.0905351089987
537,2923.088891154035,173.36495801690444,0.30403356563409184,3529.6075887430998
538,3201.258561842888,141.50415821448559,0.22244550726000945,3767.4247454999813
539,2884.62162609537,56.386889335917544,0.10461846750739255,3292.5624105290326
540,3167.1384224130284,198.6242547474682,0.274877817041279,3662.536963300421
541,2774.0586290684764,288.6125798334872,0.17593046175388266,3531.7439643035186
542,3105.9608355830565,283.0629607273935,0.23507627384286714,3814.3220016076475
543,3288.31372413158,177.1451871706864,0.3872743045251452,3874.952099377664
544,2505.671099974542,169.88939698191098,0.21971059529273043,3210.751512754774
545,2840.6209489059047,223.43871280375117,0.35194048199932804,3475.6980783487243
546,3115.414425436108,150.08072804058543,0.15656218172477535,3597.6256263555783
547,2959.3909227914014,215.0895949909733,0.30173814940750865,3641.8595584471204
548,3074.2291746742617,238.3040139192345,0.3931020863316831,3638.147572205203
549,2879.202962656836,261.34666119421536,0.13056793026188104,3678.8166017578615
550,3017.31795749458,194.99229617600236,0.10249598266815761,3618.2514915263177
551,2968.864552921584,189.8163124911517,0.23007483778978433,3647.8890952890747
552,3233.5564123319614,156.10087066217196,0.12778764491541017,3788.944592425828
553,3050.8841686602427,158.655982298007,0.32451530490286945,3575.567443478249
554,3067.5205324150406,188.67605540492366,0.37436459915456777,3598.3031839534497
555,2917.6246067755064,218.3682753408089,0.23020629181262767,3544.5652781901777
556,2902.478755185501,245.67923131166248,0.1776134926466323,3611.571892444163
557,2913.488362436076,159.84105246598276,0.23032099570198294,3491.909628363628
558,3078.8904284756595,274.6344284479761,0.3170343453550003,3715.4279347114143
559,2915.8031038359472,186.44381994787156,0.1027162484741113,3532.6860592192056
560,3057.9549713792826,198.93163528257818,0.27683619684540917,3647.4853614016665
561,3415.080159729088,162.63941604260884,0.28398750546621376,3778.1965964937285
562,3174.2249406863384,78.78798698635292,0.2913064740687807,3613.137971561812
563,2934.7952935664316,244.20226981805249,0.1726066239942632,3566.0019037998286
564,3240.242784432789,236.84219485462165,0.31421581701343804,3771.605868659475
565,2918.3849253956896,185.93362214408933,0.12741744589953294,3454.3484526489933
566,2592.3750929644293,203.3495358612436,0.15978110094004025,3204.257727370635
567,2798.3827378165192,225.79696088520498,0.3632410139963447,3387.404016060395
568,2625.8416157948286,121.87270715567287,0.3216169452179699,3163.2269515584508
569,2929.6973031917382,173.54736613268526,0.10412366620340358,3634.0590888584306
570,3003.6836758379104,239.71323398109135,0.17451287811094007,3638.1319059362368
571,3335.2874624550564,137.28552884153754,0.16432194489794938,3817.2118181525993
572,3065.3854747528326,214.67789660833145,0.18124189841109178,3702.759640295916
573,2956.179894238227,132.17090976882974,0.17426793108396593,3503.962076761375
574,3165.881116236698,223.3214991216763,0.11875788872285373,3779.0048355906424
575,2557.772938198423,198.21792588512582,0.23768215497904613,3188.66285019407
576,3047.1229116217132,119.24340920472453,0.3198200424358496,3605.363791391623
577,3154.1730387773932,258.2369677228586,0.28201951741523096,3881.2796968589546
578,2704.282750844032,163.27042116009756,0.30186150057942396,3229.938546274295
579,3228.750808641386,159.48737814928094,0.12434475356087175,3704.5323581137964
580,3067.699281498883,210.02845986154713,0.3854472130530362,3634.385977956157
581,2916.9424172198396,257.43186747143574,0.3515475501529075,3541.5131524731487
582,3126.5563732212568,149.20890905108016,0.34152709554869887,3654.36500277879
583,3454.1385715608794,203.08399249239858,0.3468951415125303,3918.563766892372
584,3036.373251011699,221.44082501652866,0.3798131524398285,3746.108421353549
585,3049.644117260067,234.6552803631572,0.26327618983410933,3741.3376314859065
586,2908.127820091951,208.82207776386127,0.1600846053602878,3563.704760117762
587,2830.0311261070415,181.6486080458339,0.28503508235576236,3490.597281353256
588,3166.067163308849,158.62048896756403,0.32286444810038173,3730.063671410964
589,2828.7832348182264,204.30719415231874,0.32137521800620766,3431.79156373352
590,3014.3132474438785,146.39304940071966,0.25643470725006406,3507.846188921358
591,2904.4685106469765,53.93247582526962,0.12053761580007342,3374.1202902863765
592,3095.7959651492783,221.8279902078834,0.21133388152903837,3754.2120843644243
593,3066.7324210573897,245.19674205430977,0.3762299825390073,3698.1405498629038
594,3207.5079888515797,81.85337822290808,0.27533467292722785,3544.0804199001195
595,2897.9967202290504,149.5134647645031,0.26149958297671405,3418.4473742565947
596,2946.0250129413257,230.95771305025988,0.1806560543146581,3603.1722146864545
597,2804.2472568435387,302.8747734855849,0.2105346759749737,3571.484052044995
598,2911.141347984778,201.0396853837704,0.3686038267459508,3613.4972356759445
599,3075.4600986089704,163.59985293854328,0.29993891425805075,3542.397668154771
600,3151.3977233290702,190.855177944758,0.3362161080256999,3724.991438084905
601,2815.566935164475,268.74382095740924,0.23630362692029658,3613.9562446588416
602,3173.921184021132,167.70179104377323,0.2890741658368474,3810.5904588650465
603,3271.12757176099,160.04039966748732,0.17451508262296228,3762.553403457134
604,3082.6869806447403,175.86282389089837,0.3116382490850459,3655.010708458124
605,3375.3591625116132,152.33356958706437,0.2282804001110012,3877.33357135705
606,2845.2421601792853,206.13351579973977,0.2327636544444237,3498.413485514117
607,2751.0690593377167,281.233922923478,0.2947966973730645,3489.1741903104216
608,2644.2559502191443,216.15396365580145,0.380884186440678,3339.455658071178
609,3299.2088622978367,187.38232489368562,0.11920190398258629,3719.73328985232
610,3130.8731312708114,185.4094365542228,0.3474229712041023,3709.179857704233
611,2988.883065817909,121.84045956516715,0.18771493312365795,3515.4666593470774
612,3055.9937252639643,244.15548885735797,0.23317583635191338,3691.6814465483008
613,2774.9021905403247,196.1081401493599,0.10657399863250269,3541.6085306025943
614,3489.150395923365,190.97600432046872,0.19031382335029393,3958.197747481183
615,3025.8442363950453,359.65537839224305,0.2507893727890392,3794.4896378151207
616,3021.8789589209787,214.93764541828432,0.11685282320423171,3757.478083268326
617,3145.1533247797383,162.4104474952408,0.24732871881494958,3632.3128237533447
618,3096.201846347343,178.68212018972284,0.3781331886575282,3607.154278860086
619,3044.7768048558264,257.4222854598377,0.13161796543234158,3717.6342204500725
620,2841.9051089109375,205.66352052688822,0.32933221842265137,3512.9572031040957
621,3094.293671427199,128.08610108413166,0.22290131601279783,3606.0931864084637
622,3376.4048992950065,245.96144672876017,0.29655211435730144,3887.1635709993097
623,3269.0840092309954,166.5927957230503,0.17807097939556882,3761.859487186762
624,3318.6373253278794,293.6648888108773,0.1478476787624075,3954.7628533603847
625,2897.7568647137628,254.00240328573244,0.14813878428136795,3596.926505810532
626,2802.079035948284,177.63390521706245,0.1211475836929434,3457.943960396652
627,2974.84261598007,264.0508180867556,0.15569401147037293,3694.2912605620063
628,3011.144982457739,203.39277552637017,0.2992658154966905,3519.296856570912
629,3218.8383036941896,242.63868375611096,0.36450718355305245,3864.7580353077697
630,2661.5070740570363,224.23664086472374,0.34423770567734857,3359.2824147315264
631,3305.9100638921227,157.68216725045633,0.30554029296234525,3857.3422102495892
632,2968.398420284202,167.8225083841269,0.13312955902333082,3578.346228799348
633,2914.623786010516,251.49804087905807,0.18675623388878498,3660.549390666753
634,2797.5791249479666,183.26123339467296,0.1929420625967407,3452.3627362149764
635,2669.0286656268463,179.81757683790016,0.17498708391928638,3392.067249929202
636,3164.634116792383,152.24387103253235,0.254501697912917,3702.337215786897
637,3014.663593437681,221.17995327967304,0.2606661444639018,3633.1511346940215
638,2742.007820051789,303.1262459621572,0.2070657925513331,3639.9196183356644
639,2740.9842455872767,146.62335428728636,0.20613674762093082,3382.2667655854198
640,2932.8430601419745,201.2109728336379,0.34856667937182445,3564.129834658392
641,3333.8043050578785,270.61102777077144,0.33678785449590576,3877.4432783699262
642,2948.0817297272793,196.01793043771426,0.1923387495042237,3500.4207070082703
643,2699.371409376379,222.6185898124867,0.3741365331619778,3385.154729408883
644,2950.8513871828113,146.880323592656,0.38584450510075186,3486.3368821807353
645,2945.455286050466,221.41535486038242,0.19802276260901225,3561.6531120310638
646,2460.6226714116856,190.64278674977257,0.20632748463791648,3173.3694935139915
647,2989.1410266964376,249.28649978399315,0.2516902460265877,3732.1344305961334
648,2953.8130939582643,259.3693025782376,0.3823362437601021,3651.7133254239966
649,3139.2412729626835,329.47818210093067,0.36289582994269354,3795.282036912223
650,3369.791218989069,228.9816586606788,0.13077038877507696,3945.4199659106607
651,3225.3130059095515,216.28981582910833,0.2178192229814249,3766.8769762327297
652,2946.2222618890337,209.7192150788668,0.2660113569249316,3549.3541682466994
653,2778.6948182516658,182.34168535946557,0.2509397417654621,3383.44413248639
654,3514.671960649972,216.92419217308455,0.15815892038106782,4024.4404819403185
655,3011.8436868028975,185.22992949304853,0.35764503135044645,3515.34734153274
656,3002.785858382589,208.4230488134807,0.30308223489905123,3600.4912759714816
657,2995.1749825779993,265.879876780398,0.35137251245554113,3634.4595794881807
658,3039.616952153571,149.67287173601795,0.3576292838048417,3411.184180735239
659,2971.1279176152116,256.99392805645226,0.32450675609972196,3739.267635570037
660,2885.267598623953,265.85575336699327,0.23176318037491522,3646.9149885941506
661,2890.6282117519218,194.09657365044606,0.2831640265046274,3484.128817560129
662,2993.4493459568002,93.90725504957027,0.14810962183592297,3486.1726920365663
663,2891.315045773247,169.60890064527837,0.30209362524247235,3412.685956240683
664,2857.4308434645673,264.84972732805545,0.15377597672178422,3665.484094947596
665,3021.2860455383793,198.8565968850559,0.3081848771530471,3704.2934558584693
666,2949.004556515829,150.03488838525448,0.1688794482261906,3521.7482804533665
667,3300.7985977165376,174.76125393858914,0.135265390045066,3881.2391066020446
668,2469.806038321398,242.03100132522763,0.14958534704288723,3252.6085691376543
669,3218.301370384492,227.33667841006897,0.10059764056572108,3765.5191923710227
670,3249.2170384995256,188.05339504151527,0.3156218853560591,3757.103253597847
671,2585.3219535183703,181.65877940926563,0.3197203147175138,3244.8864492367857
672,2931.4624811839303,180.4120925478089,0.2544800049739778,3500.765109321246
673,2925.7118268008417,153.87949077507488,0.1484088403166151,3492.0308604515194
674,2718.497661056436,280.7687844734721,0.12506630125320695,3488.3907471498787
675,2844.436662481825,183.883976539433,0.10573868993118611,3476.305373449829
676,2777.8848309068344,260.8579260412748,0.14972445308956622,3515.491632536436
677,3350.4540886847244,276.0658025961226,0.3672566604949441,3903.5234816690554
678,3187.1356786294923,249.91554490739802,0.17246105251050453,3787.887231459499
679,3254.311018998832,178.41898436409758,0.20628139816516472,3722.3801734262097
680,3144.334412808647,220.18650451683047,0.13160364534439997,3808.8415663497644
681,2774.189645756554,198.7902196804542,0.1667083914244511,3327.611374416105
682,2895.0959467440452,154.8149069634936,0.25576737123406157,3521.169057232166
683,3097.874912245584,216.21796408608014,0.2823258049286958,3764.7300858236013
684,2755.5744382216108,141.04801044200988,0.17360569424986333,3332.5672796210897
685,3142.5996860344776,259.38396942307816,0.11731964776753517,3677.5857105787804
686,2951.934920368373,176.76913513508035,0.21730986073821962,3523.008891247697
687,2925.0358384900806,210.05798279364197,0.17026101127790028,3563.3498903883087
688,3142.1919936406985,214.1643935773071,0.1658661769689406,3695.3410296635407
689,3088.852662297208,187.05475131479614,0.38795884081403664,3611.5930856030045
690,2927.806766836184,229.33469007376374,0.28489014577771726,3651.2232796339736
691,3231.8659606728497,176.25481716887379,0.26706353295162877,3790.185377313271
692,2783.7873344800205,243.56486487286222,0.2247325310569966,3439.369620053996
693,3123.1871213888526,132.70101598766257,0.2286833000290433,3543.6084628121494
694,3118.6202515936766,206.3189789773206,0.2622715011514243,3686.7873849945245
695,2938.090712137202,296.94644995291424,0.3089289421108322,3649.796129369112
696,3065.2266044484236,149.98343376972127,0.3106438288545489,3610.374789122388
697,2749.7772847229394,166.11275147375744,0.15150817231163488,3349.6650680717325
698,3184.80540384138,225.69539248294575,0.25003382562298815,3806.7486989772838
699,2963.0195727114024,208.9790890969799,0.2235874285102306,3684.410152811975
700,2895.455395896192,217.53150496367795,0.3611580898808153,3564.0034603134577
701,3209.801845167378,224.45935650738318,0.289425676365513,3791.374427121397
702,2859.131261891448,231.7360734280885,0.25975121992479455,3517.2680910854806
703,2718.307740727288,255.48499209781116,0.13461839265367523,3443.2017674921594
704,2688.674165295219,220.49093284642564,0.28169136679702345,3432.30679225494
705,3121.201990269128,187.93711726907287,0.13516117170407005,3670.8462848850145
706,2743.9141295007435,233.62868506013655,0.20116197266972563,3447.572565222299
707,3350.958836396873,294.9940967447608,0.14285258944429957,4015.891991888621
708,2583.6141184232556,193.36831268087133,0.3076220941073107,3227.7007461989774
709,3339.2912736580074,151.27353476646792,0.1618756341508458,3760.056638129335
710,3042.2034934405237,255.35403346434865,0.21755781195640783,3723.70268829706
711,2980.6573776259215,193.98094180232007,0.3687024332856337,3558.947468677907
712,2891.01618263821,91.36652269929819,0.1612949150196911,3423.2705595686007
713,3079.827222870414,242.37108385752109,0.25234151918763376,3690.1758357252534
714,2992.4730595150304,173.23359070230387,0.22578149834980663,3629.03259664297
715,3220.6603764033043,195.47333588479196,0.10543721231371893,3751.4420332767445
716,3022.845529732408,216.59901652845073,0.3378274340718439,3713.123142710185
717,3030.0603522923757,209.52498398895332,0.12071377189437993,3569.9893713450747
718,2927.2775575572286,235.47259085695197,0.2422765062930861,3609.7861823580065
719,2988.6108752557866,178.22568147150784,0.268203488481685,3588.300528824517
720,3061.560353778412,225.65528990880415,0.2885279369843762,3636.977586968594
721,2657.966321468675,187.02266612080413,0.3065894887923627,3326.031530094101
722,2730.3629155788576,236.94052404437514,0.17598171505681454,3506.1976375458216
723,3148.652818804543,230.76837420065266,0.10299363299753482,3669.5543171670847
724,3034.1730876255883,153.22806489777022,0.31703309870647367,3588.7944235463647
725,2963.2033327294644,254.29910580875162,0.26069697980427364,3511.9535051669286
726,3003.6867866130788,173.2018277442976,0.3508353109621747,3509.8830857631337
727,3069.5163410723344,240.40288991405725,0.34641650887020836,3773.5923826692524
728,2892.0480639381276,218.36436567006703,0.352997850336365,3493.636910734525
729,2844.3390549195374,291.9091838397561,0.24552839799386209,3530.2390066238095
730,3039.1690510195363,188.8267008814074,0.2000885187510597,3618.017117611425
731,2804.3254444769937,182.53416019409013,0.3374674607774111,3515.2765456060692
732,3081.6505511428945,199.02901970561336,0.2353882339087765,3577.262917114434
733,2659.483279152432,184.84101085828624,0.15503265892103035,3273.575441931767
734,3205.8311274651287,239.9970950971025,0.3564922058684423,3874.0591693673414
735,3094.5194964826087,119.1844695781706,0.3647679630317042,3656.806883402023
736,3051.205946862775,147.3158790426823,0.23989292684205107,3576.5883121006173
737,3196.5381967891026,146.60985392104035,0.12270991819293625,3652.803259281258
738,3333.0948888925154,247.51537959867878,0.2163478269750794,4035.834367676623
739,3202.8740130036263,285.5306686290963,0.34106129783878103,3933.4989376694593
740,2631.825153733671,194.77753907312643,0.3705322085638687,3317.5606879782194
741,2744.0846066528597,191.55891384049946,0.16104182274927875,3360.3619910716243
742,2875.0362844608644,203.50260815565906,0.12009208360758147,3523.7668777724434
743,3005.218210042167,258.0939151304095,0.3632051359398516,3651.388491747006
744,3103.5318040938246,153.63234329047128,0.2168214816936626,3651.2035982003554
745,2854.851237369307,211.91844913673927,0.262528289280269,3571.353957374059
746,3037.353352895416,248.75988148912148,0.3904197436152277,3713.8024306178645
747,2848.9234135293354,225.05470849699225,0.11996941837426686,3477.3401644144815
748,2877.6964394016104,209.47908082993717,0.2944954022356287,3578.182560682846
749,2718.6677806303555,250.05230462835706,0.12223162677246013,3472.3188530431016
750,2815.3533507778193,64.83838535003815,0.21264067853995014,3332.5459310542547
751,2729.6630788767334,233.89376597654538,0.34114436355803407,3486.558370703466
752,2804.8253494045334,167.2962158436288,0.23004166982669033,3354.5304755863003
753,3210.728359321568,108.46835515717716,0.3991547061708852,3637.080228784911
754,2810.1202222336115,225.56012997624904,0.2677177854839807,3452.0379383678305
755,3526.476412967478,268.68292725814786,0.19634864579078606,4035.75537494687
756,3098.6635801761777,193.1275742686154,0.16603339777142595,3703.1144424778136
757,3036.967224738975,247.64372736014695,0.20515616028584857,3821.550656159701
758,2828.3284439637573,280.6139128994323,0.21175998212786526,3475.631566105857
759,3140.0619758817984,265.74572267920234,0.1206141033171883,3811.23830187043
760,2884.8724347524453,281.99822646856967,0.21087225982803198,3646.692127343774
761,3024.4019629290724,237.1063745535946,0.2392715559217675,3674.3123965021155
762,3512.016907653759,203.77168194507965,0.31682132567164145,4000.95994298057
763,2980.78802005507,119.90170940514157,0.29701884541648244,3418.9988223454625
764,3229.8546652571354,187.69687559350257,0.3126296965687463,3773.8648655796073
765,2859.3647149748226,157.8376702341904,0.10250910456305713,3423.682411725632
766,2993.0023019006076,308.54713587489067,0.16530021987416083,3630.367286340303
767,3354.160127127102,191.20570937838318,0.298505286519957,3927.7287710034343
768,2874.6065884424465,206.1602403392243,0.24519681045392416,3558.21732858504
769,3362.489711599386,227.57426880202337,0.10159404270050379,3950.4248342794153
770,3141.550387091095,202.1801223186227,0.34134839272954676,3716.1079319560763
771,2887.5066448211464,284.75255202153767,0.3318428719871013,3655.647848120475
772,3126.481547811104,168.8675319132774,0.2645257488980688,3675.36439704901
773,3194.510889925346,209.73037276186213,0.11993899773288164,3834.4951873326445
774,3124.3619924434392,162.87647071509758,0.32995451485977545,3630.57407154021
775,2685.9550560219086,133.99887443896472,0.2751140763194092,3333.8947696250707
776,2854.5725648350262,169.41154545473574,0.3345879931473878,3452.80299373823
777,2950.496272889699,198.1481601475794,0.3255240977187521,3559.0487930113354
778,2985.1133141799905,178.53488877413702,0.3409006215873512,3487.6943701992523
779,3124.1344195101356,165.3789510063072,0.25540241992138746,3673.7997065425543
780,3035.540200186651,129.6841268164083,0.14209735545805452,3521.14076313558
781,2732.9311282579797,195.84472136856527,0.3013472420139066,3344.2423456201514
782,3076.039570201193,124.76398129844989,0.2861421355155912,3526.858331975949
783,3122.1171490567644,238.00279818448013,0.3226759561597262,3681.5839370478675
784,3111.958089586208,204.12198764672516,0.1509643018152206,3818.1067817236017
785,3216.156145110924,127.12242502675348,0.15849255997008677,3768.2648952247505
786,3166.784430909781,184.53954614750683,0.36712285516579857,3795.8249469371767
787,3091.836015845687,162.39217972047084,0.32499333953562126,3558.4456764329934
788,2985.9668577082707,215.95872552095904,0.3724685466100969,3595.6163622957974
789,2667.8078132968017,267.0225223011572,0.3276145963491762,3340.855706686249
790,3085.923643826517,106.24137651771277,0.27914659179709056,3519.571834253052
791,3041.5375374326222,205.75130395737085,0.2962398211083621,3589.7892723578598
792,3054.3157674390745,191.99336022166798,0.3667383771820031,3680.8130899620387
793,2744.6502848359382,233.56700382252328,0.2736420263535822,3415.142844597653
794,2783.7886919183475,210.65983141188445,0.28971739729851625,3489.784108318863
795,3210.6305706665808,162.40153341305904,0.14694301480108019,3771.550888888199
796,2992.088969228669,184.0473032166691,0.24217636603483084,3693.383421942953
797,3136.3001394745247,160.19870715982555,0.31491913358742973,3580.0684789763095
798,3005.6636752260924,253.80035692992993,0.18128280949490966,3744.8606090618937
799,3005.951227899149,201.06558243359711,0.16067625415736048,3679.260286636068
800,3187.6567611951996,295.05953428765037,0.1941480424673247,3826.4057018298895
801,2896.7910543565254,196.96695930926896,0.17245018839785003,3578.282333220324
802,3019.224155388197,164.57966165447687,0.16447379111091875,3605.011097780603
803,2907.5449422589913,124.31428036935864,0.22745525286042612,3429.7209893236886
804,2913.1007545135367,109.84301618720275,0.3723515541650603,3365.2427155621135
805,2938.1655753062723,120.79320284972552,0.25211789402161555,3421.711146988987
806,3044.4267543267424,213.35633255057417,0.1563761142445969,3770.6031901746896
807,2904.2502756673043,225.4362511614967,0.12309150081426223,3575.494137753374
808,3251.151225114704,120.94046489839333,0.3088468435413776,3738.8290115152017
809,2821.0785395560993,244.75191570380576,0.21483962933091638,3478.7942170064316
810,2962.6256711677283,175.84694741582803,0.3465492839756078,3490.141833925754
811,2912.0537883451652,207.33965059927746,0.2978532305922311,3587.871867268928
812,3289.3955768707465,280.61103141277124,0.3388724351624106,3849.9400233399847
813,3039.310955302315,244.8419657932766,0.18158381182553462,3677.2608630246905
814,3206.368907893727,186.57346760470838,0.30770767673831745,3744.5285064834957
815,2702.8879253926057,155.44038872923562,0.17921859540811563,3327.5246475699523
816,3053.410053173852,92.40922993353476,0.3817205438350876,3487.406372633252
817,3177.9261591246873,164.042334037879,0.2909122844600124,3715.345874530999
818,3016.456797855085,189.4434880586153,0.19735354005260264,3645.5373807374062
819,3213.0960750130703,150.6410236424408,0.18085355868768183,3760.849931851199
820,2896.5423099799254,193.43715164538477,0.15727797552149306,3476.476543196787
821,3281.869488037116,203.8425941479384,0.3083922876681184,3809.6401053605614
822,3459.7796247238502,188.75720090959607,0.16561468389937822,4029.2282813795355
823,2927.432287912068,167.49987095882702,0.27859097977824676,3545.889387892204
824,2910.8994957198456,208.43273359833637,0.1793905080776072,3483.287328108186
825,3290.6768954235404,222.09703247847045,0.29859068343816064,3871.843347814883
826,3315.9144291461425,145.4800461278577,0.3444819185621618,3676.7240484172785
827,2895.4279945693465,270.54661898731354,0.33340757294339596,3593.3339476017627
828,2915.9626365808285,195.0705933857869,0.3282553992792345,3612.5048622730205
829,2943.6430782278985,200.94248114724238,0.15631672170767563,3525.203295839409
830,2731.1098977931447,235.41072116282785,0.12651548409535562,3406.6873087410268
831,2816.26961070316,211.66080656317507,0.3096846485462157,3498.757448235049
832,2799.1718466495863,247.65683169566225,0.21050416413830542,3427.809974973236
833,2846.4404869791742,214.35620826009122,0.22970386792100422,3468.2865078130462
834,2993.0630225226437,169.37813126797812,0.10934472783801732,3611.124523243074
835,3046.842946507304,218.07517626030508,0.17787293478251476,3640.769336116362
836,3310.100098562815,142.8136896339669,0.11010292116233922,3791.1425688761133
837,2800.329191852242,205.42798528882616,0.36375573178037435,3469.4228615770803
838,3196.8644796953167,198.33850046777695,0.17301900496555916,3790.6222377495797
839,2957.202231154898,189.594157136373,0.26720115087190244,3566.535520671551
840,2990.1072580695136,193.57312442805346,0.11169379619833913,3590.6633723760224
841,3134.9638984333205,105.90754772511805,0.30005421739169746,3608.555099171491
842,2775.45559568754,172.56375461295193,0.1969082037262282,3391.7181175216524
843,3076.48194923681,204.64224505705573,0.3693757560872998,3674.2401705411094
844,3033.2904416426113,207.99281959987002,0.3664354566802108,3596.4118170760025
845,3098.49025280163,148.61624295370208,0.19758718550852433,3618.365167240491
846,3057.8337287815634,263.28539204323505,0.3702882687071404,3657.168323543461
847,3491.060027982179,156.69125758927495,0.3988473020496337,3919.300055685116
848,2872.452003149737,248.47286002633683,0.3476246992371845,3503.435286484374
849,2893.8006089996366,221.35971809358423,0.3534614043265687,3471.9506157549254
850,2875.3718947150473,167.68863450780984,0.17470262083272697,3488.2515414492705
851,2888.904576167949,288.7655446304756,0.27301071965732693,3627.3276953352142
852,2872.5225745386965,140.318158412176,0.12017677419021036,3487.5170203444654
853,3237.8033062215104,245.95770868050008,0.1284753810465009,3844.5643097580783
854,3284.100849597971,250.02911590214893,0.3996677836099872,3887.7680935612952
855,2885.850741250105,166.46898954616776,0.1979917748277733,3506.2844928450027
856,2833.5288853791544,269.62326500321643,0.3244551736146539,3563.941440656565
857,3094.283111277281,187.49767427005236,0.341999515908045,3607.841086619574
858,2889.5553911438055,214.43468146399286,0.35740698130216875,3522.82305759007
859,3126.5863635511023,213.01609193856103,0.39928848922064697,3715.2021425867915
860,3040.58460417026,193.2845629264726,0.17244894557706036,3638.900740356813
861,2696.8511770005534,240.54041365798912,0.11210524805790992,3324.989767862789
862,3309.5010402660123,239.67443602761065,0.22335745539837581,3909.7310183348604
863,3359.1755346191044,112.57340133809096,0.1390242009486841,3912.2014311285525
864,2877.442261903123,265.2170121439076,0.10672776674861655,3586.203095645046
865,2922.4596880128033,116.87540059821629,0.20812804814244584,3410.595169013969
866,3057.173078144981,251.62731021708288,0.33512147532257097,3716.0904414636684
867,3066.891357997405,256.3352568413792,0.2698542073675213,3736.2561740257793
868,3131.708854534566,145.4516784892401,0.19383339676310624,3710.470846571096
869,3402.04090775327,179.45928560227077,0.29630260164781597,3829.645070882724
870,2964.61055450119,144.7147665757032,0.16960545409264322,3556.4743580066493
871,2840.3405510923094,189.25394848556323,0.10431443382162552,3513.251117045853
872,2724.1361543970947,184.59828579071294,0.32930601593092823,3344.3236372298647
873,2853.8139920116164,238.983026613467,0.28712292545920276,3543.696752622657
874,2993.3746054252406,265.5154373059804,0.328690787350288,3715.4874650847437
875,3358.9115727035573,269.7841905394978,0.1116814050062997,4037.733845060721
876,2896.477740192766,171.8915986710849,0.35113588834919574,3413.6307617034486
877,3044.75759032778,189.5389063127736,0.28585786001089103,3661.381990173693
878,2996.7154207854496,115.82809038895249,0.26901860521379206,3492.778824061408
879,3237.678654689617,159.70649667519058,0.2873842144343595,3742.3267924975444
880,3505.3864851747244,248.24258165487288,0.35932997406050926,4051.960639566635
881,2893.826245415936,280.7791411774116,0.27608095196767213,3603.071673510579
882,2902.1121114963557,138.2825564060039,0.27428511396645383,3506.0713646446743
883,3208.832175413814,170.3767870423553,0.39720374711972983,3707.751424721458
884,3136.3782979252624,198.67971215205364,0.3270190501205704,3642.48812898543
885,3369.3414651472067,214.00805794098034,0.2326881416353406,3897.7031276031544
886,3116.785637065193,159.51982400391768,0.31221910000987835,3646.954169295898
887,2928.141581842588,221.20305222320448,0.21676914150753657,3636.9022961306378
888,3118.1309661384616,176.3080326464542,0.16866263874504972,3710.929750522199
889,3221.7407161165816,199.27738645608605,0.27905556306632784,3732.1403382432673
890,3164.096436239473,227.31421240018497,0.3784546294341855,3871.5455052906173
891,3101.4548062214594,200.32111349054688,0.37874185600463883,3677.976668314027
892,3213.3349379178308,178.18070547367157,0.2025715834316471,3817.868596287874
893,3233.8591180891344,194.51950980370844,0.2583032398665085,3774.17949857692
894,3276.4317982075054,195.58185203973323,0.16349076957095837,3857.988007813313
895,3129.7419775179287,181.4994485058936,0.3986893328496651,3703.7629455198858
896,2966.576383936629,187.06019686664487,0.39433537236038074,3599.492773122933
897,3029.3427372866645,279.9323585252358,0.2948526789122342,3768.0335334916913
898,3241.3017933016713,228.04597239706195,0.3413242179032421,3859.107818835974
899,2836.6128658025527,185.22598409854197,0.31453004838511,3428.6276297428212
900,3073.73466177458,234.8477202255368,0.2779474657118405,3670.5255717357295
901,2921.332237534528,183.3090255121995,0.11600439909666932,3556.266336293971
902,3005.7489645869637,258.65623187933204,0.23642930276579835,3726.1786581269535
903,3255.6903725214597,218.48210960990468,0.3024358906502232,3810.22941091269
904,3038.2198136039806,194.63489279978856,0.3032594841651054,3671.9073979038844
905,3009.2873096312296,222.38584629051388,0.2119367855267151,3715.133182698902
906,2728.0287718040163,121.45619239657503,0.38250759599740924,3224.9782629658207
907,3149.2507132054443,143.66162655450972,0.15020710967103432,3627.4174207892984
908,3129.096836228215,140.30374968004725,0.25010783386466817,3627.107040573662
909,3432.650944661092,207.14715473818535,0.3072651929652469,3963.988195879369
910,2938.4443530094,286.6257499742546,0.3091407417675428,3622.1069204231417
911,3043.830065532788,311.5650073096316,0.2945916870306447,3832.3634420865487
912,3049.876736742151,231.90255507203787,0.18258646403555806,3711.9998289507553
913,3315.490655952695,225.04222374722286,0.1468619706059866,3902.386250079962
914,2980.9408935226097,109.94711329236306,0.2907820980480133,3401.276459868295
915,3055.804305154068,172.86631001329891,0.27979063484183136,3544.3236300915632
916,3121.5793019433077,160.61081240458805,0.1538068030867723,3680.975858491226
917,3037.3218246312717,168.95762008744418,0.31154174367116905,3479.245560951533
918,2910.7132770898943,191.59280907076052,0.23655159752009694,3573.6311234110176
919,3038.8179985796614,176.39547111514364,0.3003281774809459,3589.7720453611437
920,3214.7263499719543,101.03500948121061,0.3512101239310452,3802.4962212450964
921,2794.696940117788,237.3955128058767,0.15091852857307697,3613.3902007061265
922,3026.593934829375,146.36284871300967,0.10574346039905101,3571.976593796878
923,2859.9758370121654,211.9623432055575,0.33373077591873607,3486.959014942025
924,3239.0093257849685,303.70413348749867,0.28290922754578485,3962.995112381207
925,2695.362619043245,154.03077042067883,0.30989187088663656,3379.8018696023173
926,2888.2156305456824,73.48562386268351,0.35144649249659277,3264.1368263254767
927,3075.442375012904,185.69978890599447,0.3408432804473502,3542.74838136268
928,3313.104805846868,255.04798174992857,0.38827604407864746,3867.1982758878926
929,2986.8499477854025,297.9173727110297,0.26078052365563553,3737.0006060919054
930,2888.9600946613605,138.52252027737916,0.24654868979797165,3465.2564761176272
931,3376.231413888118,224.83496116182607,0.22056615996721904,3991.190733258795
932,2710.397219916751,176.73447716099733,0.14610731285326137,3298.498175180343
933,2560.238808675984,194.7025822847932,0.2717821698646068,3125.2596270544045
934,3088.0028900106663,332.21716735085175,0.18310375729779366,3884.498058999993
935,2899.5891551294776,124.85148358024234,0.37639225366389273,3371.6244527020276
936,2795.7534365738575,212.6869830747287,0.2749572412831293,3349.6591495368593
937,3141.6712894598704,223.38465858827166,0.2778520541524331,3746.9740010489268
938,3048.76014275424,254.28931624696736,0.20647739826310302,3752.8424683712215
939,2887.1842738526543,204.89915767354478,0.11559680559331226,3532.184030845316
940,2743.939120265821,215.40252697520512,0.10952312961189659,3414.313439831995
941,3174.491465656029,180.41757162891045,0.22700054324595928,3714.0760653853267
942,3130.040235591732,213.45634706225536,0.12536961342917136,3722.8452248136773
943,2980.1648272441234,182.84038622512946,0.2820540866620418,3493.8298566691396
944,3369.3273992095333,231.07859449280255,0.3642919016918973,3882.3784136556837
945,2785.9830467347697,181.51948319781832,0.3648744449556167,3417.9426457325467
946,2694.8949658150523,218.85501969510932,0.29771362303966975,3389.9688798990483
947,2861.618386023751,198.5368593157511,0.1633695494418793,3511.4364978799613
948,2990.8827967289003,256.3025125386084,0.3588990494076617,3596.6769709256328
949,3048.667889864538,197.4303138205757,0.3658280305939625,3611.9013257804436
950,2951.752788428734,111.34837658965593,0.15899607548588762,3362.3176190055483
951,3070.4110793028594,263.0960750356996,0.32122782573120323,3732.783812819716
952,2749.6921151619113,154.71338495686905,0.1859558646781369,3428.9592597667297
953,3288.752920814652,167.31168306755902,0.34079209370587893,3706.9509356748054
954,2983.569764321486,170.2169352978254,0.3991713699710808,3501.94404465303
955,3223.4591663176257,268.7219046585409,0.10900780159881784,3901.3377873400336
956,3068.5450692755408,93.21628930106523,0.36920975973727965,3573.956270342493
957,3091.350643830757,356.8874266829997,0.2867891600795974,3835.9158222572582
958,3113.953456046441,252.8028404533026,0.39201478574944637,3701.111439055404
959,3089.541712003463,211.16194570645797,0.2395028552579283,3590.656119041027
960,3128.544551973509,197.25529996918567,0.35421637917141213,3691.581451131524
961,3265.830506026486,214.27770374288284,0.11871822057948317,3954.0937182329135
962,3039.304233940294,226.0561214189669,0.20058371502348873,3686.4910986997065
963,3141.8007515177023,232.26077929750284,0.120104961325363,3773.0238432131755
964,2982.052861142555,227.78022330017242,0.3926029400437212,3616.1922314060416
965,3288.0234430898945,204.47903406276245,0.3450921721815511,3823.4751693225676
966,2864.7215395881462,190.1330789846337,0.35576422637379124,3425.9215738830026
967,3360.188086582163,192.43633581732442,0.38138956943016833,3903.02963261588
968,2991.9684098711314,190.25458598236594,0.1255310458359356,3614.3386503559414
969,2713.8449795763904,256.68850484335326,0.21567927775400003,3447.6309604067187
970,3025.620882982158,229.6778361140431,0.12131046671320064,3629.1452383516857
971,2863.7896685050237,52.98056826678598,0.16323793046500862,3395.2981237511485
972,3168.1287097977447,232.79503882648805,0.1688097331113017,3821.770691729942
973,2869.475204139522,209.73680973593875,0.24073216331427363,3483.508468629238
974,2910.763313357044,199.06456217770514,0.1805686502360928,3590.494070447565
975,2622.0918538108936,180.5740773455557,0.13029343204532834,3269.939819137322
976,2909.538736150185,256.2056359993007,0.15024732672823232,3573.440478484522
977,2515.2241346742085,247.37632310614288,0.1441826690656273,3249.4183392328796
978,2683.2194353028553,161.35611660881955,0.39192303937368955,3192.8610046124095
979,3152.0829312288597,220.35261435622675,0.3277877520755421,3760.498438420139
980,3157.1600317301663,151.4171632729357,0.3903284395808686,3557.322111457608
981,3085.091512356993,131.01909176055347,0.2319221459523726,3529.085606542115
982,2806.6047713741573,168.66413877050175,0.183510544498797,3316.3748014951816
983,2990.4577287716043,243.11967361913793,0.33948795916275604,3628.883112846291
984,2999.2794921818863,247.65625226880434,0.19787617541234404,3659.413647142629
985,2768.3270621614915,225.65427100486465,0.1898150121116045,3440.6397124589726
986,3300.6796603534303,236.25478934239987,0.16975179766234938,3846.4578211107428
987,3175.4724581151345,225.80891435574793,0.1389036934672706,3731.901422027083
988,2955.8071652340673,167.9259202388524,0.1769389183050298,3562.834491905451
989,3005.377167798906,221.59612723369702,0.20659592454216633,3611.7001016528125
990,3041.6765615895106,240.02047626138412,0.30219826244371917,3691.853997495519
991,2591.6530263151417,237.71456649067872,0.11876945266583548,3296.5020486348417
992,2950.5645234958806,259.4456685737322,0.1631520818996029,3656.3667459387966
993,2863.6031504004404,235.4151923600532,0.34270709208750294,3587.138589205094
994,2799.6759980210168,217.57241037707914,0.14407657707513125,3508.5244943276775
995,2943.779941422809,253.50751191582137,0.20279354395675647,3608.193244932895
996,3359.5373053699045,198.673937037547,0.35939767655744204,3884.9888657751603
997,3128.168572253402,155.90626743861412,0.1464775933430328,3655.617481001093
998,2885.7642020434405,191.8466518028118,0.12482105068545699,3520.4981954300447
999,3114.516556271232,162.75486775967755,0.24536139852400327,3633.834323942573
